sentence	sentence_id	locale	reason
Господин Председатель, расписание мероприятий, который вы нам предлагаете, носит вполне уместный характер.	dce3d718c79d3dd94bd12275a44ccf12ff359d04488714255c8663371714ae84	ru	grammar-or-spelling
Необходимо, чтобы обладающие ядерным оружием.	e1dbe5de1b06bfc89ce7822e4f6f0f40b3eff4cacb8a6583d6f61af2fd3ceaca	ru	grammar-or-spelling
Господин Председатель, расписание мероприятий, который вы нам предлагаете, носит вполне уместный характер.	dce3d718c79d3dd94bd12275a44ccf12ff359d04488714255c8663371714ae84	ru	grammar-or-spelling
Необходимо, чтобы обладающие ядерным оружием.	e1dbe5de1b06bfc89ce7822e4f6f0f40b3eff4cacb8a6583d6f61af2fd3ceaca	ru	grammar-or-spelling
Мы открыты и готовы посмотреть все маршруты, которые приведут к преодолению затора.	c7be8bfa71e94ae8f331d657ac86bc80ced63c03f222878edb4eae59c18e07fa	ru	grammar-or-spelling
Швейцария стремится обеспечить принятие шагов по с целью оживления деятельности Конференции по разоружению.	d440446a96bbb25b1d4130f34daeeb5247316e22b1b88c1655c9a9b40e116c69	ru	grammar-or-spelling
Окончательный отчет об одна тысяча двухсотом пленарном заседании,.	d6de2f70f2dc5c0d299b5fcc41428f63a2353b005af17936f0424ff5401340f5	ru	grammar-or-spelling
Я поднял это вопрос и дал полное изложение своих взглядов.	c2632fb4cf8976a91be35bb177fb7b9d36f9adc5f623a0672db0cc265b81cf68	ru	grammar-or-spelling
Мы надеемся, что к нему присоединиться большее число соавторов, представляющих разные регионы.	c4e19777f82cccf8f7db522a39b200d8ad65d6b9bb95624eb7c72b1d209186f7	ru	grammar-or-spelling
Ядерное разоружение остается высочайшим приоритетом Корейской Народно-Демо-кратической Республики.	f1ffa36072c0c3aa8ce39443630d9348187ad19a9436f994e1f67c0f19b7b73a	ru	grammar-or-spelling
Господин Председатель, расписание мероприятий, который вы нам предлагаете, носит вполне уместный характер.	dce3d718c79d3dd94bd12275a44ccf12ff359d04488714255c8663371714ae84	ru	grammar-or-spelling
Мир стал свидетелем колоссального роста в космической технологии.	031cd8218587ce1fee5f3d7ac5b7f11e5517cb536fea0a0e936fb9258a45c61e	ru	grammar-or-spelling
Мы является представители различных национальностей, но принадлежим к единому роду человеческому.	01435023d45eb8f73608b757dde15150736ab2148387350c577a58f344700f23	ru	grammar-or-spelling
Как ранее в этом месяце отметил наш премьер-министр:	003b4c56b6ad369997d0bba46b20c03ab04d86b7f2e1d6218e10a75d914eeadf	ru	grammar-or-spelling
Как ранее в этом месяце отметил наш премьер-министр:	003b4c56b6ad369997d0bba46b20c03ab04d86b7f2e1d6218e10a75d914eeadf	ru	????????????? ???????????
Вопервых, в этом году проект резолюции посвящен переходному процессу в области безопасности.	0c37459c839ed35ba318573240fbb8e25a9a61e7b8d3583fcaacd24481ae6aa7	ru	grammar-or-spelling
Стремясь добиться этой безопасности, мы также не забываем и о необходимости охранять здоровья.	15e4518befa788ee3cb51ce8a41e32f3fd43190ce1c00c0c1e20e7968bd267bb	ru	grammar-or-spelling
Глобальная контртеррористическая стратегия Организации Объединенных Наций.	29f042e12c5e01cd9248f5255e306857cb3a3668e886eb4c8fb68c35820305e6	ru	difficult-pronounce
Утрата — самый жестокий враг мира, а отчаяние — самый сильный союзником экстремизма.	338c163674f020b38831147b415ab7198b3a0fce3c34423e5ffa88da2fdde760	ru	grammar-or-spelling
Однако для завершения создания режима контроля требуются дополнительных усилия.	405df79fb4b2867434f4eb934d655631d706340fb4ab8655c537f7cc838a7d00	ru	grammar-or-spelling
Я заверяю Комитет во всемерной поддержке его работы по стороны испанской делегации.	37412b4852fd4a7c63b3ce92780c3edec11c634ad79eb2af5335c07ef0205b8a	ru	grammar-or-spelling
Причиной напряженность зачастую становятся невежество, боязнь других и чувство причиненной несправедливости.	4953224a4a066cdf5039c9d3fa3f8a266cfbacf5625555e2e4564256bf6ed5c6	ru	grammar-or-spelling
Финляндия искренне приветствует постоянные усилия по всемирному контролю за вооружениями и ядерному разоружения.	4340df73dfc8d4d14371c7b667f1118dce6bd75302f608fa7dcc909121cb5a1d	ru	grammar-or-spelling
Глобализованный мира всегда создавал проблемы для Африки и развивающегося мира.	8254364728e615fc2639f56dad9959a507ef0d0d5220e58f254b59edcbf90ad0	ru	grammar-or-spelling
На прошлой неделе Совет по правам человека принял резолю.	c14d21ef8d33297a264b130b317fd195d966c0f6d54ec6a4d49f78a8302b68e5	ru	grammar-or-spelling
Вот почему мы с прискорбием должны признать, что существуют огромный разрыв в плане равенства.	c1b27dfdbe0844fa266adc09f60b052b6ce2506190d4a8a2e8d474beb080aaa8	ru	grammar-or-spelling
В эти дни Европа особенно нуждается в мужество и искренности.	bfc13496f4f544f2ab2ab8ff9cca95658ff80e3e6f5112eef969c1e20f7b588a	ru	grammar-or-spelling
Мы надеемся, что к нему присоединиться большее число соавторов, представляющих разные регионы.	c4e19777f82cccf8f7db522a39b200d8ad65d6b9bb95624eb7c72b1d209186f7	ru	grammar-or-spelling
На прошлой неделе Совет по правам человека принял резолю.	c14d21ef8d33297a264b130b317fd195d966c0f6d54ec6a4d49f78a8302b68e5	ru	grammar-or-spelling
Мы надеемся, что к нему присоединиться большее число соавторов, представляющих разные регионы.	c4e19777f82cccf8f7db522a39b200d8ad65d6b9bb95624eb7c72b1d209186f7	ru	grammar-or-spelling
На прошлой неделе Совет по правам человека принял резолю.	c14d21ef8d33297a264b130b317fd195d966c0f6d54ec6a4d49f78a8302b68e5	ru	grammar-or-spelling
Заметьте, я сказал люди, а не «мужчины».	c705ce275af3d5ea8c8ad211da559d7257711411ccfb61bc6257f2bfc08181e8	ru	difficult-pronounce
Нам необходимо продолжать развивать глобальную культуру ядерной безопасности.	e500e9e46f340fc3ec73a96d62cd668b8df347939c075a870dd4cec8a9287200	ru	offensive-language
Нам необходимо продолжать развивать глобальную культуру ядерной безопасности.	e500e9e46f340fc3ec73a96d62cd668b8df347939c075a870dd4cec8a9287200	ru	grammar-or-spelling
Нам необходимо продолжать развивать глобальную культуру ядерной безопасности.	e500e9e46f340fc3ec73a96d62cd668b8df347939c075a870dd4cec8a9287200	ru	difficult-pronounce
Нам необходимо продолжать развивать глобальную культуру ядерной безопасности.	e500e9e46f340fc3ec73a96d62cd668b8df347939c075a870dd4cec8a9287200	ru	different-language
Нам необходимо продолжать развивать глобальную культуру ядерной безопасности.	e500e9e46f340fc3ec73a96d62cd668b8df347939c075a870dd4cec8a9287200	ru	ok
Я хотел бы особо поблагодарить членов Бюро, а также Секретаря Комитета и его сотрудников.	e8f0869b1cdcdf5d79337040bf95e5ffc18bf7d8a95eb0610222dec08f630557	ru	offensive-language
Это не жалоба и не стремлением вызвать жалость.	f3ba6ebabea1be36eafa6ff662b24d7cf5fdb7668abfb115f968557047ceb68c	ru	grammar-or-spelling
Объединившись, мы сможет одержать победу над крупными табачными компаниями.	efb7191f376b8988df170b34cf61de723172d050184087cb79f1068584936817	ru	grammar-or-spelling
Организации Объединенных Наций надлежит и впредь руководить нашими усилиями в обеспечение эффективной траты средств.	fa70efa197fdb512ae9bdf7f65c32b2cabbe4783f788d371265305247e9ca979	ru	grammar-or-spelling
Мы является представители различных национальностей, но принадлежим к единому роду человеческому.	01435023d45eb8f73608b757dde15150736ab2148387350c577a58f344700f23	ru	grammar-or-spelling
Я предоставляю слово представителю Багамских Островов, которая выступит от имени латиноамериканских и карибских государств.	214434ad4858d00b6d255d2bbfa0da6884024fda6b4fddf626be3664871011ab	ru	grammar-or-spelling
Все органы Организации Объединенных Наций теперь должны быть активно вовлечены в этом дело.	25820910c3d8f96eb7e098dd98a1221c75f8a077c19df2b00af9e5e7f39c0f7e	ru	grammar-or-spelling
Мы не может и далее следовать по этому пути.	6f9e64b9b799a56681a2a3508e7d3fc9283726b775cba8df6039c20f143de39a	ru	grammar-or-spelling
В настоящее время стороны готовят своих письменные заявления.	bce14b2efd3af8a49f066b9325e7361b4c5adcfa7e9ff6cc492a7390d14f810b	ru	grammar-or-spelling
Мы не может и далее следовать по этому пути.	6f9e64b9b799a56681a2a3508e7d3fc9283726b775cba8df6039c20f143de39a	ru	grammar-or-spelling
Катавасов был ему приятен ясностию и простотой своего миросозерцания.	153765cab89fe3e38013d7e5ee7ca1a8641d6dfeb28c0ef1a299790be173b282	ru	grammar-or-spelling
Для успеха необходимы партнерские отношения между государственным и частным секторами.	1f3dd890f34d88580fc2ee82e3676e9da942f693d3825f68fe6b10eee1a4050e	ru	grammar-or-spelling
Катавасов был ему приятен ясностию и простотой своего миросозерцания.	153765cab89fe3e38013d7e5ee7ca1a8641d6dfeb28c0ef1a299790be173b282	ru	grammar-or-spelling
Я никак не думал, что это так интересно!	2a57b2d01def617938e0e3ea4bd0e5da161be2d2e5b14810fd6eff93233bb413	ru	grammar-or-spelling
Ей нужна было успокоиться и выйти из этого мучительного положения.	df2d341109b5c5b2b71c9fd6ef87d312eeebede93e83e2c6990f383c81c0d6bd	ru	grammar-or-spelling
Люксембург также придает большое значение расширению участия гражданского общества в работе Конференции по разоружению.	37cd85cde0d00a6ff5289cf8b06227ab6c748d1c806b70c44df5b83d476d190f	ru	different-language
Священник был тот же самый, который исповедывал Левина.	3798efa83b2ae7adcc32df83e0e67e4ba976473f38ca29c7aa500be412437ad8	ru	grammar-or-spelling
Недавние события на международном уровне весьма очевидно это продемонстрировали.	fc2ddd9405ddc309676a4bc321764cd234af125d87d7080c2ca7d9cee6ef4ef0	ru	???? ???? ????? ?????? ????????? ??? ? ??? ???? ?
На поляне возле стрелкового тира Тимур нашел Гейку и Симу.	4c40773305f758fdd27064352a517f5e9cf8e771249ae27697bf7474f2528622	ru	different-language
Позвольте мне сказать о некоторых важных аспектах своего опыта как президента.	403a89c5064a31d12a23f79842baac187dd0857b3cfa87bc14db2af3dd3f0154	ru	different-language
Слово предоставляется Постоянному наблюдателю от Святого Престола.	4774b29fa737594b655194284edfb339d53a1f8f0438e466e08e1c8852d0b62e	ru	different-language
Это было бы анахронизмом в глобализированном мире.	4ae7b2028483f03927318a549608f49f7ddc5b6807dd081429976c1e232c85d1	ru	different-language
Одним из кризисов, сопутствующих кризису капиталистической системы, является продовольственный кризис.	4a7f0cd3cbcff2dd1e2994685a92f4a11e7c45c2e7d643112a43e097a64fc886	ru	different-language
Я хотел бы подробнее остановиться на следующих пяти пунктах.	4c34dd991e57cbce2e9e11aa36b3ba86e87e69381afd9ef7497b9d841f709686	ru	different-language
Я также хотела бы заверить Вас в своей поддержке Ваших усилий.	4b1327a9076dc82afe70e4e3fac45181789917c58d231e52161bc5328700466c	ru	different-language
Банк с ростовщическими процентными ставками, обусловленные кредиты и кредиты, предусматривающие страхование, не решают проблемы.	4f129c0d14e812d002eeb5d279dadb008dacf2b3731eeb699df24d993e2b3b97	ru	grammar-or-spelling
Банк с ростовщическими процентными ставками, обусловленные кредиты и кредиты, предусматривающие страхование, не решают проблемы.	4f129c0d14e812d002eeb5d279dadb008dacf2b3731eeb699df24d993e2b3b97	ru	This sentence makes no sense and some words are extremely rare in modern Russian language.
Мы расширяем права и возможности своих граждан.	50f431591e3820d7f5e03664cf17595a0626b7dd65445dd5f91b5fc51ce55ad3	ru	different-language
Почему мы это делаем?	51378c9ec976cb0acd3181c234a9e42c04f1d927671fa2eb9b2dfdb7aac1603d	ru	"? ??????????? ????? ????????? ?????? ?? ?????? ?????, ???????:

?????? ?? ??? ???????
?????? ?? ??? ???????
?????? ?? ??? ???????

? ??? ?????? ??????? ???? ?????? ?? ?????? ??????? ? ??? ??? ??????????? ????? ?????????? ?????? ????? ? ???????????? ??? ??"
Участие государств-участников в этих прениях стратегического характера будет иметь особо важное значение.	6a3a3b3762ba63ea92827651b180004344bafbef937956439cd34b37d5d21248	ru	???? ???? ?????? ??????,?? ??? ???? ? ????. ?? ????????? ? ??????? ???????
Сегодня настало время для активных и решительных действий и в области разоружения и нераспространения.	8a03829e69b81c2534ad364616bf8f8881b7697dbf308ccc600529d6d8f84c26	ru	grammar-or-spelling
Лига арабских государств решительно отреагировала на происходящие в Сирии события; ее усилия следует поддержать.	89a01b92bf588e363a47371f30932d7e5efe926ccb46c7cc6a969eade9e7488f	ru	grammar-or-spelling
Голос Африки должен быть громче слышан на международной арене.	8f8e681773299d50cca8a6572f5f80da0350fc3aaa37afd163728304c50d8c66	ru	grammar-or-spelling
Одновременно угрозы безопасности в информационно-компьютерной области создают серьезный вызов международному сообществу.	8648ff7e7544fc89320fb8e86470b6aaf60a2430e4fa4bc1d9d31b5a9e30528a	ru	grammar-or-spelling
Это правильная оценка того, что ожидается от нас условиях экономического и долгового кризиса.	8d62c6d39ce06e434b9ce36137051aeffdb3741592080a3ea4ef847293b71ffa	ru	grammar-or-spelling
Деятельность по программам Регионального центра будет попрежнему финансироваться за счет внебюджетных ресурсов.	8f1937fb7ca9da69f7181608b63774fbd8f0d5509e09a3c8a32979423b80e108	ru	grammar-or-spelling
Вопервых, необходимо улучшить методы работы системы Организации Объединенных Наций и ее составляющих.	9018c4e5f26c14d2b4e99cde494ef473f2c5402b553f4aaaee5c59fe6e4c7343	ru	grammar-or-spelling
Это правильная оценка того, что ожидается от нас условиях экономического и долгового кризиса.	8d62c6d39ce06e434b9ce36137051aeffdb3741592080a3ea4ef847293b71ffa	ru	grammar-or-spelling
Деятельность по программам Регионального центра будет попрежнему финансироваться за счет внебюджетных ресурсов.	8f1937fb7ca9da69f7181608b63774fbd8f0d5509e09a3c8a32979423b80e108	ru	grammar-or-spelling
Деятельность по программам Регионального центра будет попрежнему финансироваться за счет внебюджетных ресурсов.	8f1937fb7ca9da69f7181608b63774fbd8f0d5509e09a3c8a32979423b80e108	ru	"??????????, ?? ??????, ... 
???????? ?????, ??????? ?? ? ????? ???????????"
Считаю важным сегодня в Комитете кратко напомнить об них.	7928d3eab7bbb34977677d85437387dd8145651f2495c1f6a4df7ed1747f68a4	ru	grammar-or-spelling
Поэтом ислам провозглашает, чтоб все люди равны, как зубья гребня в руках ткача.	93b54a850bd7ab2fdec7ff9cac7993b5d9e6a19dd9bb04de8898a4623c31f998	ru	grammar-or-spelling
Это правильная оценка того, что ожидается от нас условиях экономического и долгового кризиса.	8d62c6d39ce06e434b9ce36137051aeffdb3741592080a3ea4ef847293b71ffa	ru	grammar-or-spelling
В равной мере следует остановить донное траление, которое разрушает основу морских пищевых цепочек.	a100d10c2f437e4ed4fc5aeb09c7d94e5ff45989bd1dbc83a53124f7d622d6be	ru	grammar-or-spelling
При этом в нашей реакции на нынешние вызовы мы не должно ограничиваться только словами.	a623fe5e4a614b02b9d53eff4075d9b7c4c7b9ec2a30835f53cd09888ef022e3	ru	grammar-or-spelling
Фактически, международная ситуация характеризовалась и продолжает характеризоваться серьезной напряженностью.	a7908ae51ad95faf0b1021a07b9ae3d528f156e7858882cf4387d1b213cc3040	ru	?? ???????? ???????????? ??????????.
Хочу поблагодарить за представление предложения, касающегося участия неправительственных организаций в работе Первого комитета.	a675192133da55ec3057ed693a75a25ad8483b44e27fba00fb8faceb96267bd3	ru	grammar-or-spelling
А конечном счете это неотъемлемая часть реализации фундаментального принципа человеческого достоинства.	9481d9ea29085f7c8d74cfb7d406bcccfaa0ba29d4448cd0c5a2028a4caf5435	ru	grammar-or-spelling
Нежная пленка белой коры облепляла фосфор, и огонь тух.	a16cb395105519aec7bc7469f08516c96ce22ea55069761270f05aa3aae7a6ec	ru	grammar-or-spelling
Проводимые правительство Фиджи экономические реформы уже дают позитивные среднесрочные результаты.	ab10118bb3fa6c0d90c29a68f0b7a1904325962f94eb21cbb498dc54b2c01def	ru	grammar-or-spelling
Нам нужна более сильная и более эффективная Организации Объединенных Наций.	a5169d1a2647e039cc407833d20fac4e08bd086bbaf4c183e2d74490ba0cee51	ru	grammar-or-spelling
Нынешние общие прения дают нам важную возможность обменяться мнениями по этим ключевым вопросам.	af3361c1298a8ef6dc916ae6800d2bd9f335d90d61e36d9e9250462dfcb7d3ef	ru	????? ?????????????????? ???? (????? ??? ??????? ? ?????????, ??? ????? ?????). ??????? ????? ??????????? ????? ??????????? ???????????? ?????
Проводимые правительство Фиджи экономические реформы уже дают позитивные среднесрочные результаты.	ab10118bb3fa6c0d90c29a68f0b7a1904325962f94eb21cbb498dc54b2c01def	ru	grammar-or-spelling
Первым компонентом консенсуса является ответственность, как совместная, так и раздельная.	b34b346b97a7e08f10276592087053b4743e6b90a84a206096ee96986c062075	ru	grammar-or-spelling
Большое спасибо заместителю Постоянного представителя Алжира за его замечания.	afb1eb087f5104e26f2cc06540512d957d7fcc1ec4f47a2dbd36047edb28b2f8	ru	grammar-or-spelling
Север это или Юг?	b811a4cee105bcb3ca403e5f66e028d471cb9ff4f7de4e625b5b7bd8a4871407	ru	grammar-or-spelling
Вопервых, речь идет о всеобъемлющем подходе.	bfc41f550ffc5286149adfd27ce0dcaacb01fe34da78d1ef0942be6a71e752b7	ru	grammar-or-spelling
Вот почему мы с прискорбием должны признать, что существуют огромный разрыв в плане равенства.	c1b27dfdbe0844fa266adc09f60b052b6ce2506190d4a8a2e8d474beb080aaa8	ru	grammar-or-spelling
Вот почему мы с прискорбием должны признать, что существуют огромный разрыв в плане равенства.	c1b27dfdbe0844fa266adc09f60b052b6ce2506190d4a8a2e8d474beb080aaa8	ru	grammar-or-spelling
Налицо растущая фрустрация и недовольство в связи с положением дел.	be337d7030dab95169afd625335887e58012754e1e7184e7911afe7abf9d7fa7	ru	grammar-or-spelling
Поэтому мы не приемлем четвертого пункта преамбулы настоящей резолюции.	c7882e30704b95775eeb903e78b7e9d55824c69bd908a91ae9da718794f10ea7	ru	grammar-or-spelling
Меня больше интересует в культуре… меньше всего искусство интересует.	cf050d975822085bedb56c47be0f23a2cec90c801bdde477057244ac68accb37	ru	grammar-or-spelling
Как друг палестинского народа мы считаем, что пришло время для прямых переговоров.	d8b370663e2b652ce857896e8ca5a586b1b28ce0c66633cf932722e51874117c	ru	grammar-or-spelling
Принося дары моих предков,.	dcb9079ee43557ad89d2d6ef4be3ab6d6e0ffc8f3f51899c9765643a9b2eb298	ru	grammar-or-spelling
Этот проект резолюции призван значительно укрепить глобальный режима ядерного разоружения и ядерного нераспространения.	d84e09a87451112d9ae13c72e6abc5e847e9bc898b074b05df911609a1113cf4	ru	grammar-or-spelling
восемь	28d3184c09958cdd731e011f327fb1fbea6b638c9d8cea433f444add7529cfcc	ru	offensive-language
девять	0d79b87727c7db601d7e7e120cc76a33c579c30e0b06076157199ced9aa99869	ru	offensive-language
девять	0d79b87727c7db601d7e7e120cc76a33c579c30e0b06076157199ced9aa99869	ru	grammar-or-spelling
Этот проект резолюции призван значительно укрепить глобальный режима ядерного разоружения и ядерного нераспространения.	d84e09a87451112d9ae13c72e6abc5e847e9bc898b074b05df911609a1113cf4	ru	grammar-or-spelling
Соединенные Штаты попрежнему привержены сохранению памяти о рабстве в истории нашей страны.	da3da1ea3359189b2eee4f9ed4acd3a444126628ee4b794bd22636ee9221ea81	ru	grammar-or-spelling
Будем надеяться, что следующий доклад Совет не будет выдержан в духе этой местной практики.	de3bfc1d41c6ae585eb29776786f0c686e5c57592c588b0c5a62f3b211e98b34	ru	grammar-or-spelling
Швейцария стремится обеспечить принятие шагов по с целью оживления деятельности Конференции по разоружению.	d440446a96bbb25b1d4130f34daeeb5247316e22b1b88c1655c9a9b40e116c69	ru	grammar-or-spelling
Поиски общих позиций составляют громадную задачу как для нынешнего, так и грядущих поколений.	e2c7d98c213d4804d2c89be1f19a4cce6d7dfb175256e6fa96c3ced05c14e759	ru	grammar-or-spelling
Сокращение потребления соли — одна из наиболее экономически эффективных, осуществимых и доступного мер здравоохранения.	ed2e81889bc3abe8727f458e977de4ded7ce6079efbe5c1a4b8a2243555d5d4c	ru	grammar-or-spelling
Противоречит истории утверждение о том, что оккупированные земли являются израильской территорией.	f24ed20a635374b3e34089ecb05a345a01c32a53280fdb30f21cd05e963d7638	ru	?? ????? ??????????
Тем не менее, как сказала вчера первый заместитель Генерального секретаря,.	f4e35844507f103130cb9c38782ed71bf9bd26a316e8be20831aba47df91a98a	ru	grammar-or-spelling
Это тот сигнал, который посылается всему миру при каждой очередной ратификации Римского статута.	d1f2aa9cb0fbdcd1d059962efccd7d256b06151ea4d446238380e668ab047c0a	ru	grammar-or-spelling
Делаю вид, что у меня масса работы, а на самом деле.	0bbe9d2696e8078b341d6b7d1ee526f69a0b7472a7200e3ced3d73cc6dd0a40f	ru	grammar-or-spelling
Ты хоть что-нибудь - знаешь о нём?	1a0741948a387d359f87f794dc0d1eafd3b7d0cffe1a83cb6e245428aec7ade0	ru	grammar-or-spelling
Это я ей сам посоветовал.	5d9454e69b4915e9287adbe733a0619bd25dd8cf68018409bab26fcb4a5e7935	ru	grammar-or-spelling
Я вновь предоставляю слово представителю Секретариата.	d71c45889a822e94bcf6fbf3418ed104a171077865c9c1bf71992f00929a7f7e	ru	grammar-or-spelling
– Вы, верно, не здешние? – сказала она.	8869678f6a62f9b4cd65e1c34e171b14996381a3905ed2246098859c2970d84b	ru	offensive-language
– Вы, верно, не здешние? – сказала она.	8869678f6a62f9b4cd65e1c34e171b14996381a3905ed2246098859c2970d84b	ru	grammar-or-spelling
– Вы, верно, не здешние? – сказала она.	8869678f6a62f9b4cd65e1c34e171b14996381a3905ed2246098859c2970d84b	ru	different-language
– Вы, верно, не здешние? – сказала она.	8869678f6a62f9b4cd65e1c34e171b14996381a3905ed2246098859c2970d84b	ru	difficult-pronunciation
Они должна провести ряд надстроек на операционной системой хоста	8a6cce5fee9f1e70c86f6bf3aebbe1603617a03f4596c64f681a590ab5e966fa	ru	grammar-or-spelling
Если вы не знаете, что такое баг интерфейса, нажмите красную кнопку до упора	24ed3a68ee81f20a6fcafe17d96b2caab89af13570a914ee94714d4d235e76c2	ru	grammar-or-spelling
Удаленному клиенту не к чему будет подключиться	1f4fb82e379e1b9bf234c77547e60a29653c0490b64714c684fb7e770edb26d7	ru	grammar-or-spelling
Производить визуальный осмотр технического оборудования	3e77cca85dec25de5f2ea2fa617ab48e858b63f952d427119e33c6d2af50e256	ru	grammar-or-spelling
Гипервизор «резервирует» некоторое количество ресурсов физической хостовой машины	a7de3d4117e1071d4b0e59c66408c65af65f0259cfb8c4f074495663c011eee0	ru	grammar-or-spelling
Всё управление будет передано и осуществляться из этого скрипта	02a236ec63ab9d3cfd006c9fa1a28dceb322e9f0b08e6a07f0ecbce99409beb4	ru	grammar-or-spelling
Один из них, повидимому главный, объявил нам, что он сейчас поведет нас к государю.	fee50d250ead787363f66e9286f36d799e23cb397b685302b869ae12d2a39632	ru	grammar-or-spelling
Пользователь сохраняет все данные на жесткий диск персонального компьютера	79fc818569a990d3259eece0d5b2526c90c26a22b5a6bea2fa014b898341a59f	ru	grammar-or-spelling
Виртуальная машина содержит в себе операционную систему целиком со своим ядром	4a99a68b0655653fde7b07df5a3580c3ef51a969c51e37f7d5aeecb982565afc	ru	grammar-or-spelling
Плетут много про монахинь-то мирские	2337f877d2522c93b99a9c42e204fd60b7b563a0fc975f0a3c1826d80e36c11c	ru	grammar-or-spelling
Нет, странная ты девушка, право, странная	f39f04b02cc371f36ab232fffa0b42b6ba3f10d834367c0ad0ca1d40eb4ad49e	ru	grammar-or-spelling
Я взглянул на полати и увидел черную бороду и два сверкающие глаза.	5a81d950f2a456d54a118ade6ae6fbc60918f8ed3bc95db51a91ddbb8e47939b	ru	grammar-or-spelling
Швабрин подошел ко мне с своим подносом; но я вторично от него отворотился.	460e1658a14405fab5f9b8627913f5628e81abc6125fd84b8f9e2223ccf12f41	ru	grammar-or-spelling
Поп и попадья крестились, услыша, что Пугачеву известен их обман.	21a2d5d969ba02a1bb2e928daa2c89a5a388ee71e16df405d9b336648608b94d	ru	grammar-or-spelling
Они должна провести ряд надстроек на операционной системой хоста	8a6cce5fee9f1e70c86f6bf3aebbe1603617a03f4596c64f681a590ab5e966fa	ru	grammar-or-spelling
Терроризм и экстремизм можно победить только благодаря свободе, демократии и процветанию в мире.	01802d0939eece60d918cf0105c8b57e3c29cf2e17657fcddb50807c1dc1dab8	ru	offensive-language
Терроризм и экстремизм можно победить только благодаря свободе, демократии и процветанию в мире.	01802d0939eece60d918cf0105c8b57e3c29cf2e17657fcddb50807c1dc1dab8	ru	grammar-or-spelling
Терроризм и экстремизм можно победить только благодаря свободе, демократии и процветанию в мире.	01802d0939eece60d918cf0105c8b57e3c29cf2e17657fcddb50807c1dc1dab8	ru	difficult-pronounce
Мы является представители различных национальностей, но принадлежим к единому роду человеческому.	01435023d45eb8f73608b757dde15150736ab2148387350c577a58f344700f23	ru	offensive-language
Мы является представители различных национальностей, но принадлежим к единому роду человеческому.	01435023d45eb8f73608b757dde15150736ab2148387350c577a58f344700f23	ru	grammar-or-spelling
Мы является представители различных национальностей, но принадлежим к единому роду человеческому.	01435023d45eb8f73608b757dde15150736ab2148387350c577a58f344700f23	ru	difficult-pronounce
Слово имеет Мексика.	0f233488f64dda4245122be800600493d19f640540de74745910369953d8108d	ru	grammar-or-spelling
Управляет с помощью средств ввод-вывода: мыши, клавиатуры и монитора	15706b6f56ba46ed16f71578137a890f93ed873d1f042512a48db0ef83c8670d	ru	grammar-or-spelling
Стремясь добиться этой безопасности, мы также не забываем и о необходимости охранять здоровья.	15e4518befa788ee3cb51ce8a41e32f3fd43190ce1c00c0c1e20e7968bd267bb	ru	grammar-or-spelling
Их пестициды не перепистицидят наши по своей пестицидности.	40e83980c27308915bd35d9b63708c22521dec96f7e2cb907cbccb557fc8ef1a	ru	grammar-or-spelling
Их пестициды не перепистицидят наши по своей пестицидности.	40e83980c27308915bd35d9b63708c22521dec96f7e2cb907cbccb557fc8ef1a	ru	difficult-pronounce
Конференции по разоружению должна идти в авангарде формирования новых схем международной безопасности.	1ebe7834a7a7d75cb19e770d673d63d3ac0240f9c2933b90e30034ea05dd67a5	ru	grammar-or-spelling
С вишен галок поп, пугая, в саду увидел попугая, мимо Пахом ехал верхом.	84fe70c7074111a06b6313433397838334c216bad324dc998cdf2bfa8cad8d31	ru	difficult-pronounce
Затем буду рисовать областную дорожную сеть до тертьего уровня.	a5614e26fc5e1903541cde16ffe7ac983a04ac05e6dafb6b3094fd0607a9039a	ru	grammar-or-spelling
Затем буду рисовать областную дорожную сеть до тертьего уровня.	a5614e26fc5e1903541cde16ffe7ac983a04ac05e6dafb6b3094fd0607a9039a	ru	grammar-or-spelling
В этих местах я не надеялся на помощь. Ви услыхали мой выстрелы?	7933cd5f1f088e84531959adc75101e0f1e026affb4ce3ed93f725f0e3ecfc59	ru	grammar-or-spelling
Пока ее не порвут в клочья.	1b42540163ad74de6aeb100a5b41c0e8a4da3da9f467166ed8e7c3dc129cec63	ru	grammar-or-spelling
Прежде чем завершить свое выступление, я хотел бы подтвердить важность качественного аспекта ядерного разоружения.	1db9054c2a8cc42847661b62403f6b2df53d8290e752b7cf30ef88840bdb220e	ru	grammar-or-spelling
Сильно дурак. Снасяла крисит, а потом стрелит. Надо снасяла стрелить.	5a1e3db1df98e21014d5be260cebcae8b9ed6c0b9ea377521ca920a0a4326b3f	ru	difficult-pronounce
Кубра на кубру щи варила, пришедши букара, да выхлебала.	47f5293d5d613b5cfbcdbf7c2e4d95994efc1c507fa2fbc54ed7b6e22104164a	ru	difficult-pronounce
Я благодарю государства − члены и наблюдатели Конференции, которые участвовали в этом мероприятии.	243a134a07d8325736d6719a0ab5828dda14c964cc8d91f6cb2f228b671584d7	ru	grammar-or-spelling
Ну, а об русских ученых вы, вероятно, но имеете столь лестного понятия?	eb575fd6e574ca947733d2764944b476213aea38674150e9b5370e2f206d198e	ru	grammar-or-spelling
Сциллу недооценки вытесненного бессознательного и Харибду склонности измерять нормальное исключительно меркой патологического.	fa308a5328c1d3ee012a81ec5042de6be4cd342ace4246acb03e62f1c8e4b60e	ru	grammar-or-spelling
Он до того задумался, что позабыл и подслушивать.	3630425338ae7fef36069ab525631fdd2148d4cd53f9cc274471734b096eeb76	ru	difficult-pronunciation
Ничего он не грузинчик, а просто армяшка	3c6d9a93aa622606044765689bc57ac1c9acd2e2d365598f532c36af6a71b1ce	ru	offensive-language
Мальчик, продавец квасу, не спускал с нее глаз.	2db0abfec71b74e9c9626f5c3eca79ee2aa220dbe164ffb0385c4e3225638158	ru	grammar-or-spelling
Следующий выступающий — представитель Эфиопии посол Гетахун.	3095a6935434c8aafdcb7e7fcb57d617e5d15c7a0195683aee8b0099d8e0708e	ru	difficult-pronunciation
Проектирование оркестрации контейнеров	4e44c47af89d9d0264a40f34314f88c166d589415ff2bc309e66b7e9fcf9198b	ru	?? ???????? ??????????? ???? 
С тех пор я угомонился, если не поумнел.	445e8319cfd0c1866e85047fb93554e1b738a29ccb7ff453108fb0274d2c6463	ru	?????????.
Не носил я Вам букетов.	45cf7f91cc5908c3aba2c59bb74fba4ebdf057936e8af1adbc4b800eefe6823c	ru	?????????
Девять миллионов человек попрежнему ожидают лечения, и их жизнь находится в опасности.	47dc8b31716ff07c0bb6fac9da14e74fe63cc7a2bf743eca10572bf429d4ee12	ru	grammar-or-spelling
Финляндия искренне приветствует постоянные усилия по всемирному контролю за вооружениями и ядерному разоружения.	4340df73dfc8d4d14371c7b667f1118dce6bd75302f608fa7dcc909121cb5a1d	ru	grammar-or-spelling
Не ослабляя внимания к лечению инфекционных заболеваний, мы хотим начать бороться с неинфекционными болезными.	46f995a9e5d6cd19853a695909781bf993ba90366e98fd8ff9b61c073a30ea32	ru	grammar-or-spelling
Финляндия искренне приветствует постоянные усилия по всемирному контролю за вооружениями и ядерному разоружения.	4340df73dfc8d4d14371c7b667f1118dce6bd75302f608fa7dcc909121cb5a1d	ru	grammar-or-spelling
Это потребует остановки процесса на старом хосте и перезапуском на новом	8aeca514b68c7d1390a078b07e86a307a3e599bd6a60b5f855e82a844f983af0	ru	grammar-or-spelling
Мы твердо встали на сторону свободу и основных прав человека.	4649865e4f3184bae61091d5056a885514f221c65d1ddf8a07bd458a3c3c8b74	ru	grammar-or-spelling
Это еще один методов запугивания или наказания стран.	45ba5b675704be2ec25c97d11ba8f4c90f22813d61c12758a1ea590cae79475b	ru	grammar-or-spelling
Вместо этого масштабы насилия и репрессий расшились за последние несколько недель.	493e23fd738fe6319b161fe1aab2b13eaf07c421ea215be3449a58c41139f22c	ru	grammar-or-spelling
Гостевая операционная система работала на виртуальном оборудовании, идентичному физическому	bc45c3a6c6153451e833f5eb30b0cc271e4a268ed7e31a1534c7354a53ed7ca8	ru	grammar-or-spelling
Вчетвертых, я хотел бы коснуться вопроса об укреплении институциональной памяти Канцелярии Председателя Генеральной Ассамблеи.	4350090a448be345256ead4ff2c41d183ca6859d014c83da68861d1de0397792	ru	grammar-or-spelling
За Тлателолко последовали договоры Раротонга и Пелиндабский, монгольская инициатива и центральноазиатский Договор.	506a85ba68618bc54faf028b0b567e8831812dbd9fc8c80418b05a3e3d3c5452	ru	difficult-pronounce
Она выступит с заявлением в своем личном качестве.	6822fc20891042da8f19bef56729cb5e4a94fb7e543f9aa2c4f3d3794ae0858d	ru	?????? ? ??? ???? ???????????? ?????. 
Сильно дурак. Снасяла крисит, а потом стрелит. Надо снасяла стрелить.	5a1e3db1df98e21014d5be260cebcae8b9ed6c0b9ea377521ca920a0a4326b3f	ru	grammar-or-spelling
Эта борьбе стоила нашему народу миллионов жизней и несказанных страданий.	79e52b767d06133772c1406a2f58044b099d3762b5c61f76a2b9d032de52a651	ru	grammar-or-spelling
В существующем процессе взаимодействие устроено следующем образом	7a177d4b75d69b12a2390f6507de7d605dca6a248fc1c24dda4325cbb52787dd	ru	grammar-or-spelling
Поэтому мы приветствуем идею проведения этого заседание.	74f25b1e9ac96bdc1300ce1e50fcd2e1f019eda42640ce63bb25e977345af89d	ru	grammar-or-spelling
Преодолеть предстоит немало препятствия.	787c42043fe12f46b5a2796e8c4f79b7205804d29645e305f16b7d5ed0f7bf64	ru	grammar-or-spelling
Эта борьбе стоила нашему народу миллионов жизней и несказанных страданий.	79e52b767d06133772c1406a2f58044b099d3762b5c61f76a2b9d032de52a651	ru	grammar-or-spelling
Однако, как отметил Его Превосходительство президент Науру, изменить образ жизни людей не просто.	7ec67bc2ac26baf482f2f8be660c7577c2bd0a762f17893c82eccac03cceed8f	ru	grammar-or-spelling
Глобализованный мира всегда создавал проблемы для Африки и развивающегося мира.	8254364728e615fc2639f56dad9959a507ef0d0d5220e58f254b59edcbf90ad0	ru	grammar-or-spelling
Демократическая Республика Конго поддерживаем мирные отношения со всеми своими соседями.	8190d2d78840b726cd3e28756efea27f06b1d33be949e9521596d8dbd4f051ee	ru	grammar-or-spelling
Демократическая Республика Конго поддерживаем мирные отношения со всеми своими соседями.	8190d2d78840b726cd3e28756efea27f06b1d33be949e9521596d8dbd4f051ee	ru	grammar-or-spelling
По этому мы не жалеем усилий, расширяя охват обеспечения обслуживанием самого высокого качества.	84d0e0ca5c56ac19982fe0f50f04ee07c58d1a2fd36099bbcf1e1d3f3e736a54	ru	grammar-or-spelling
И эта отговорка в деле таком важном рассердила его.	81c8395965d4500570c5ad4c6576d6b9d0133178406d1d1e49f0d626d5092ebd	ru	grammar-or-spelling
Эта борьбе стоила нашему народу миллионов жизней и несказанных страданий.	79e52b767d06133772c1406a2f58044b099d3762b5c61f76a2b9d032de52a651	ru	grammar-or-spelling
Поэтому мир попрежнему переживает огромные и растущие проблемы, связанные с этой эпидемии.	83a5558aa630156d9e06119dc5110af75480835a63074bbb8a015e865fce1cee	ru	grammar-or-spelling
Это новый метод, пусть и в зачаточном состоянии, получает очень мало внимания.	88010101bcfd15e6a22477ec015f95f849f906d1a4a536c6256ef50549df7385	ru	??? ---> ????
Каждый хвастал, предлагал свои мнения и свободно оспоривал Пугачева.	8bb86f5e0b357136577f216983d4f00b3bab7cfd2ba1afc3e68be6e37e6fe232	ru	grammar-or-spelling
Глобальный экономический кризис попрежнему носит острый характер.	879e9718656ba644127056ec5fa11f5f8f30c307df7a5749e548f5071bc2f850	ru	grammar-or-spelling
Глобальный экономический кризис попрежнему носит острый характер.	879e9718656ba644127056ec5fa11f5f8f30c307df7a5749e548f5071bc2f850	ru	?????????? --> ??-????????
Именно так необходимо добиваться счастье.	8a89971896f20276a33ba69057f774d09a750a4aecb90a768202b788a8806cb0	ru	grammar-or-spelling
Революционное развитие науки и техники способствовали глубоким преобразованиям человеческого общества.	9258d4c15bfc99c50c87dc1be16a543446424938a916fa92e5dbb4fbd8d67dbf	ru	grammar-or-spelling
Разоружение и контроль над вооружениями являются основой любой глобальной системы безопасности.	9343f36c837a2f5a08cb805caecea3a9320d08b9d4afe2630491f97254dc9214	ru	grammar-or-spelling
Могу ли я считать, что Генеральная Ассамблея постановляет назначить этого кандидата?	95ce22d195a53f9a9a5ed7431d38f3bd7e99f7bc1c514263231be94fde9a352f	ru	different-language
Мы должны оставаться верными идеалам Организации Объединенных Наций.	94c560e9aa63818fcf810967d5271f84ad7cbdff3d89eeef7df028135c4fe5f5	ru	different-language
Именно этим нам и предстоит заняться в Первом комитете.	94c8f7266fef88223435300d6fb555d217bc6e31789f0c244c69b1687cdcbd6f	ru	different-language
Нельзя больше откладывать возобновление работы Конференции.	958615b7118eaf3f91807b1a3f401dc012c6f79239957220c750ff43f57dcc01	ru	different-language
Мы понимаем и уважаем взгляды Мексики и причины, лежащие в основе ее поправок.	95a1c24fa36d8bb0c2dbc6514dfc0065b7d5ad56fe9d3d20caa0c20c088775bf	ru	different-language
Для установки обновлений операционной системы необходимо перезагрузить компьютер пользователя	40a5e701debb535a44b36e680f56e124850ee445f42d6b83141f85b48a91d1c8	ru	different-language
Они должна провести ряд надстроек на операционной системой хоста	8a6cce5fee9f1e70c86f6bf3aebbe1603617a03f4596c64f681a590ab5e966fa	ru	grammar-or-spelling
А конечном счете это неотъемлемая часть реализации фундаментального принципа человеческого достоинства.	9481d9ea29085f7c8d74cfb7d406bcccfaa0ba29d4448cd0c5a2028a4caf5435	ru	grammar-or-spelling
А конечном счете это неотъемлемая часть реализации фундаментального принципа человеческого достоинства.	9481d9ea29085f7c8d74cfb7d406bcccfaa0ba29d4448cd0c5a2028a4caf5435	ru	? ???????? ????? --> ? ? ???????? ?????
И это можно и должно сделать.	85cdf3c1f6fdda52a78950bf00981a723cad2411fb505d37972adfc2c765217e	ru	different-language
Поэтому нам предстоит еще много сделать для обеспечения соблюдения действующих правил.	9a23ce0b656d7985eb6f2bb13a48bcb9b71de1ba32533348efc2f0ad3eca8660	ru	?????? ????
Точно может быть какое-нибудь направление и борьба в бесконечном!	910457414728fff0281e795845ef457e260245db53639932eae92342048e760d	ru	different-language
Мы с нетерпением ожидаем принятия проекта резолюции консенсусом.	99ef9fc431a323efcee28ae11de2aca839e48091ef87146b3d2a2c5befebc1ac	ru	different-language
Доступ к интранету осуществляется через облачное рабочее пространство	652ed261903d85b52e1e2e21687bb5b7903b118d6f43403100be31b6ee462d8c	ru	grammar-or-spelling
Недооценивать проблемы Восточного Востока мы не можем.	9c11eaaeaeab0540b9280a77a0fb317c89c95ecb98a4655260373c2f350d7fdc	ru	grammar-or-spelling
Доступ к интранету осуществляется через облачное рабочее пространство	652ed261903d85b52e1e2e21687bb5b7903b118d6f43403100be31b6ee462d8c	ru	grammar-or-spelling
Мы разделяем обеспокоенность международного сообщества по поводу гуманитарных последствий безответственного применения кассетных.	9d65a82995586fbfab99e684275424eadaff7715241e97d1350c49ae566256f5	ru	grammar-or-spelling
При этом в нашей реакции на нынешние вызовы мы не должно ограничиваться только словами.	a623fe5e4a614b02b9d53eff4075d9b7c4c7b9ec2a30835f53cd09888ef022e3	ru	grammar-or-spelling
Для установки обновлений операционной системы узлы кластера не потребуется останавливать все приложения пользователя	a239d4f25120b6f60ba3f56e5e7ca2cfb09d005481bafe5a764e726cad8a6c61	ru	grammar-or-spelling
Однако мы должны добиться того, чтобы работа Организация Объединенных Наций приносила конкретные результаты.	9bdbe0a0bf816221fd98477769a56bc21b8c596927a148761e0ae412b52c4b2b	ru	grammar-or-spelling
Мы рады принять на своей территории такие учения — первые, которые будут проведены в Азии.	a731b3ee0def4d06816ccbcea9973b229c7957834cf2fed17cac94df4e218c0b	ru	different-language
Программа установки либо сгенерирует случайный пароль, либо будет использоваться указанный хэш	a319ccf941cad5f6819d151b18a9771d81701e35025e5cab5598915ecb529a99	ru	different-language
– Неправда, ей-богу, неправда! Я знаю все, я все вам расскажу.	6c356e1f766a54b943fb99e7fd6fe62c55163659f820a868111258a80033fef6	ru	different-language
Я подослал ее вызвать тихонько Акулину Памфиловну.	c6a448e59a0c9de8698166ebdedd2f62c58918c85573caea3209e29380d8101c	ru	??????
Повторяю: в этом проекте резолюции не содержится обвинений или осуждений в адрес какойлибо стороны.	b42da5e6d2f81fe2b43e8255aeed6ecdb0005324a017ab6452f31eb9b550d7e7	ru	grammar-or-spelling
– Ручаюсь вам за успех, – отвечал я с жаром.	36f2d537d7714a0a796b6a7d2df33f45bf8fb60846210dd955c39a8552589949	ru	grammar-or-spelling
«Ох, батюшка ты мой Петр Андреич! – отвечал он.	f2ac13311dc7aa1c67d0f45eb80a2c5ac50e98dc2a4d6b6ba8057fe7ac791586	ru	grammar-or-spelling
Век не забуду ваших милостей».	5539115c8ee7fe4f226c3154f2460a5dc6128f96ca9935567a43c15e62aeeb17	ru	grammar-or-spelling
Она не старуха.	b647e68c0e76a5b1e09a4e1cc61f915109e22e5ef5bb9083d9958064f823a068	ru	different-language
Разработать технологию оркестрации и поддержки пользовательских приложений в серверной среде	ee64dc001cc89445418a345000c67aa27da32013a07c6570efbb94c732f6e6f6	ru	different-language
– Давно ли из Белогорской?»	8fc62ebb3ca1d5800e6da00faa7c8e96b84373f5a7d60bdf0292de6b0a545285	ru	different-language
– Сорок не надо! – решительно отказался Георгий.	210a342547e1d982329dddd00cf3d78a8684a18a5f45d73c9e7cd3a477501990	ru	different-language
Сами приложения работают также, как и раньше	d07bbbbbd602db7b29c3c05a3cc6075fc6d605a4c67360c77d2c64fb396f9ecf	ru	grammar-or-spelling
Во-первых, это состояние мирового рыбного хозяйства.	dfefad1780cab458a09b8d797df7872d980894b1ae68889acc20e1568641e633	ru	"?????????? ?.?. ???????? ?? ""?? ????"""
Мы также приветствуем приверженность Генерального секретаря решению этой важной задачи.	e709cb73866c3e7dbfacbbb582a4a10646dfc1e72ea1b9f9115631d2ca9efc66	ru	difficult-pronounce
Сереневенюсенькая глазовыкалупывательница с преподвыподвертом.	da1fcc2c97435f50bcefa863df6b2e3b9697de19601d859fefd010f09c75a4e2	ru	difficult-pronounce
На этом завершается египетское председательство на Конференции по разоружению.	e6d826a849933042f6c4402a6b0dec9ea1269f880da18be337b96d6005b6dd9a	ru	offensive-language
На этом завершается египетское председательство на Конференции по разоружению.	e6d826a849933042f6c4402a6b0dec9ea1269f880da18be337b96d6005b6dd9a	ru	grammar-or-spelling
На этом завершается египетское председательство на Конференции по разоружению.	e6d826a849933042f6c4402a6b0dec9ea1269f880da18be337b96d6005b6dd9a	ru	different-language
На этом завершается египетское председательство на Конференции по разоружению.	e6d826a849933042f6c4402a6b0dec9ea1269f880da18be337b96d6005b6dd9a	ru	difficult-pronunciation
Наступило молчание по крайней мере на полминуты.	e77b30aa4de5653165bb28cc4bcff5122f08b01cb54dcd2b7bf64e4d4ea09129	ru	grammar-or-spelling
Хорош якут. Ви удивлены? Я чшлен экспедиции изучений Арктики Английски королевски географически общества.	e49c6e215eb2cfe49b4107fed42f8034c0f127f638681d1c7042dc922b8ffc0e	ru	grammar-or-spelling
Я искал глазами тела комендантши.	7374d101adf36c721d52fe8283c5dda96838a743a9543d22a4313eb68da4226e	ru	different-language
Такие поступления должны также переводиться Палестинской администрации на регулярной основе.	ecd0d6738af76b7da77f40b6567958cd5f2ee870e89b37d5cd972c0389942eba	ru	different-language
Мы должным образом инкорпорируем ваше предложение, когда получим его в письменном виде.	ecd744972b70667351a780b58ada7a482bb77f118efc10fff255fa0f2f758fb9	ru	different-language
Все солдаты взяты в полон.	c128572e40bdf1d195853a6082b803e3500d9268fd2bd4852c4baacf5048cb79	ru	different-language
Одним из неотъемлемых компонентов процесса реформирования Совета является учет интересов каждой региональной группы.	ee922ed8ed905da76906a279f6e1e5a90bd2bf03ec35745cc621ecac73c64769	ru	different-language
Середи поля хоромами высокими	eefca2a83c3e759e28e016e0fd18988f68b7af4e11bb682e4bfb88d9413ab3e0	ru	different-language
Всего в нескольких шагах от этой трибуны — в вестибюле для посетителей — развернута передвижная выставка.	ee8d2c584cd870a480cddd7b30c8f4f007b6a62ce5ec4a89a8d8667fee2e42e4	ru	different-language
Передо мною стоял Савельич со свечкою в руках.	0d10bef09b924b2ec474f133137671e09a3a60cc5efbbead93634df9da60ceec	ru	different-language
Теперь станем продолжать собирание голосов.	9da021df172c1388002341bdd631968e4ad6c7533f4779158a4bcece87861a1c	ru	different-language
Сегодня мы становимся свидетелями новых случаев реализации народом этого неотъемлемого права.	ef27f73c706eb5fe9d30cd499326f9cf901134ad7fb8bf11ce14b61d8a5e27c0	ru	different-language
Украина привержена делу выполнения обязательств по достижению национальных целей в области развития.	f0a869dddcfc42a663437c145f1415b551023bfae971dc2604c8b3712444413f	ru	different-language
– Швабрин сказал тебе правду, – отвечал я с твердостию.	29b8a67dc87455104fd3ec15f28894fc72a680622ca6b15d5aaf379ba1c13df1	ru	grammar-or-spelling
Вахмистр повел меня к майору.	466c2c1d25bd56899c31ba91b5be9ac6105873cbd0cfe31f0dd400d02ca25465	ru	offensive-language
Ядерное разоружение остается высочайшим приоритетом Корейской Народно-Демо-кратической Республики.	f1ffa36072c0c3aa8ce39443630d9348187ad19a9436f994e1f67c0f19b7b73a	ru	grammar-or-spelling
Только связа одна.	4a36ea5f78f1cfc4c42d0b3bbf1c94082455a3434890bca0ee9ad36c63a489c5	ru	grammar-or-spelling
Левин Взял косу и стал примериваться.	f3e1a34b547a1a048efde16303fb521776ddcc40521ea88fdeb8eb796d1df03c	ru	grammar-or-spelling
Слышь, дубина! Почему ты обращаешь на меня внимание	31dba3a842f3a439fe8fa5c62bfbb029a5c86eb4db2e16846e6992a365df3dcf	ru	grammar-or-spelling
Вороне где-то бог послал кусочек сыру;	45ccf67c93bce845af4b542b21889cea18359d7d165f0d999dfbb12d86a5696e	ru	grammar-or-spelling
У женщин между ног пахнет значительно лучше.	44b2319df145d8a2f089956968dfd4047e7d33c9bf5b6ab6499041e139e2ee44	ru	grammar-or-spelling
С этими словами маляр слез с люльки и прыгнул в комнату.	f5dc06dcb9b3ebd35d40095fbc0c3c270c5b5ce08c245e36eec4a2e3a7cd0f19	ru	offensive-language
По крайней мере, она не понимала, когда была очень молода.	04b7ac0678198512fffd7aaa27b9c9f185b9b0719e794efff0c939f35427dbb8	ru	different-language
Я больше не могу терпеть это дерьмо.	3d034fe87e36dc6999b4ab1b0f0d4a90a85ec5ace4ece8d14c9c3ec11f6daf29	ru	offensive-language
У женщин между ног пахнет значительно лучше.	44b2319df145d8a2f089956968dfd4047e7d33c9bf5b6ab6499041e139e2ee44	ru	offensive-language
Из под коряги выплывает щука и кусает жену за пятку.	90b94d77e47bebdfb2019ed9359db66256a058efea6e0e0eaa4c447067217dc5	ru	grammar-or-spelling
Только едва ли.	991ad3428ec9116043d36291e72efffc9d6eba9e91e726c3bba7157b373ad856	ru	difficult-pronounce
Нет конфет, то грязного мороженого.	b4e69efea5533c655e30b325b232a7469e1ef43fe605b4a105f4ca3f1b11ad46	ru	grammar-or-spelling
И эта раздражило Левина.	c58515254eb68d952edd6c1c2d03424a486a259507c14406b27b607afe24e0e6	ru	grammar-or-spelling
На правой ноге я качал сына, и он смеялся, а теперь.	c727942e39cdc95aa7e581896d034ef87ea7c06b2eb2dffb8bd6ec11c129e956	ru	grammar-or-spelling
которая	c26d94bf408b9ab1713f81b750ec70e1538f6349063868e41eba110700dad1fa	ru	offensive-language
Мы это видим....	d38680d9933c4fd022b8f8bb880728857ddf42dcd3547a4aed988acfba087cc8	ru	grammar-or-spelling
Но... — он помолчал в раздумьи, открыть ли или не открыть ему свое чувство.	dafc624941ace9da05c955b63450a67dd700b3889de3ff02e42a7494fc944010	ru	grammar-or-spelling
«Недалече, – отвечал он.	c7e8f0e553ee5df4fd4fc07cca66d8db85a8f79458348a558e96ff4234603ceb	ru	grammar-or-spelling
Прибежал туда а там всё так же как и у нас.	de9ef682553d67a1c8fb5c156279aa8acdf4daf84566c1ad01ba4699a958ac94	ru	grammar-or-spelling
Я не знаю, зачем ба.	debe11e84184fa04e2f66f1578f1a6119ea4cd70f843b7abfd2f7266574363d5	ru	grammar-or-spelling